{"lr_0.001_momentum_0.1_h_neurons_2": {"train_mse_loss": 0.011297099089942383, "validation_mse_loss": 0.01137810766460114, "train_rmse_loss": 0.08266377438288788, "validation_rmse_loss": 0.08279338378382549}, "lr_0.001_momentum_0.1_h_neurons_5": {"train_mse_loss": 0.011270065144322904, "validation_mse_loss": 0.011349623897558477, "train_rmse_loss": 0.08259951068826511, "validation_rmse_loss": 0.08272183411822097}, "lr_0.001_momentum_0.1_h_neurons_10": {"train_mse_loss": 0.011188431695912208, "validation_mse_loss": 0.011264614477490987, "train_rmse_loss": 0.08234419282083351, "validation_rmse_loss": 0.08245296982022243}, "lr_0.001_momentum_0.1_h_neurons_15": {"train_mse_loss": 0.01116790083836901, "validation_mse_loss": 0.01124236996139996, "train_rmse_loss": 0.08233114411656872, "validation_rmse_loss": 0.08243131471565844}, "lr_0.001_momentum_0.5_h_neurons_2": {"train_mse_loss": 0.0112116852649553, "validation_mse_loss": 0.011286899459754885, "train_rmse_loss": 0.08246090113704932, "validation_rmse_loss": 0.08257517420223637}, "lr_0.001_momentum_0.5_h_neurons_5": {"train_mse_loss": 0.011185941043237252, "validation_mse_loss": 0.011258296130839254, "train_rmse_loss": 0.08238911214732514, "validation_rmse_loss": 0.08248887931815999}, "lr_0.001_momentum_0.5_h_neurons_10": {"train_mse_loss": 0.011044192954348211, "validation_mse_loss": 0.011107148949863576, "train_rmse_loss": 0.08188022716440048, "validation_rmse_loss": 0.08194285926086592}, "lr_0.001_momentum_0.5_h_neurons_15": {"train_mse_loss": 0.010879080579225991, "validation_mse_loss": 0.010934069002728966, "train_rmse_loss": 0.08137194697256671, "validation_rmse_loss": 0.08140836022290522}, "lr_0.001_momentum_0.9_h_neurons_2": {"train_mse_loss": 0.009428720098790984, "validation_mse_loss": 0.00944842883175695, "train_rmse_loss": 0.07828537358413636, "validation_rmse_loss": 0.07824652470883853}, "lr_0.001_momentum_0.9_h_neurons_5": {"train_mse_loss": 0.00923240542894234, "validation_mse_loss": 0.009276635769618449, "train_rmse_loss": 0.07794660645264628, "validation_rmse_loss": 0.07795023621228696}, "lr_0.001_momentum_0.9_h_neurons_10": {"train_mse_loss": 0.009249681850940907, "validation_mse_loss": 0.009295529613774917, "train_rmse_loss": 0.07803738271636369, "validation_rmse_loss": 0.07804069191288047}, "lr_0.001_momentum_0.9_h_neurons_15": {"train_mse_loss": 0.009255104623240425, "validation_mse_loss": 0.009300206551605789, "train_rmse_loss": 0.07807229616654626, "validation_rmse_loss": 0.07806921951661261}, "lr_0.1_momentum_0.1_h_neurons_2": {"train_mse_loss": 0.008484835367770244, "validation_mse_loss": 0.008455775075888038, "train_rmse_loss": 0.07513506976926455, "validation_rmse_loss": 0.07495146701621504}, "lr_0.1_momentum_0.1_h_neurons_5": {"train_mse_loss": 0.008501237280174802, "validation_mse_loss": 0.008463161268564575, "train_rmse_loss": 0.07519158283500516, "validation_rmse_loss": 0.07502591299165291}, "lr_0.1_momentum_0.1_h_neurons_10": {"train_mse_loss": 0.008637853622783272, "validation_mse_loss": 0.008611284039295565, "train_rmse_loss": 0.07580386972377873, "validation_rmse_loss": 0.0757204371448461}, "lr_0.1_momentum_0.1_h_neurons_15": {"train_mse_loss": 0.008559932912918598, "validation_mse_loss": 0.008527991222605143, "train_rmse_loss": 0.07545242823117608, "validation_rmse_loss": 0.07523821548049367}, "lr_0.1_momentum_0.5_h_neurons_2": {"train_mse_loss": 0.008408920385079174, "validation_mse_loss": 0.00839046207306261, "train_rmse_loss": 0.07479343824525475, "validation_rmse_loss": 0.07486716575053445}, "lr_0.1_momentum_0.5_h_neurons_5": {"train_mse_loss": 0.008306218618604371, "validation_mse_loss": 0.008268568443089229, "train_rmse_loss": 0.07433863193214957, "validation_rmse_loss": 0.07421242502116009}, "lr_0.1_momentum_0.5_h_neurons_10": {"train_mse_loss": 0.00835301542312691, "validation_mse_loss": 0.00830481854207293, "train_rmse_loss": 0.07442872598331442, "validation_rmse_loss": 0.07435033093062794}, "lr_0.1_momentum_0.5_h_neurons_15": {"train_mse_loss": 0.008237779495607396, "validation_mse_loss": 0.008214556107636923, "train_rmse_loss": 0.07410330087343975, "validation_rmse_loss": 0.07407882008168928}, "lr_0.1_momentum_0.9_h_neurons_2": {"train_mse_loss": 0.008420228997299078, "validation_mse_loss": 0.008463839155923478, "train_rmse_loss": 0.07504485454597555, "validation_rmse_loss": 0.07587566153479829}, "lr_0.1_momentum_0.9_h_neurons_5": {"train_mse_loss": 0.00830737203156697, "validation_mse_loss": 0.008315554114475146, "train_rmse_loss": 0.07450476402156661, "validation_rmse_loss": 0.07508356141403186}, "lr_0.1_momentum_0.9_h_neurons_10": {"train_mse_loss": 0.008303392129202202, "validation_mse_loss": 0.008320911885289954, "train_rmse_loss": 0.07449554404415583, "validation_rmse_loss": 0.07515317825557467}, "lr_0.1_momentum_0.9_h_neurons_15": {"train_mse_loss": 0.008274544381953717, "validation_mse_loss": 0.008288727146336067, "train_rmse_loss": 0.07427356753458846, "validation_rmse_loss": 0.07489189036898507}, "lr_0.25_momentum_0.1_h_neurons_2": {"train_mse_loss": 0.008388103767815088, "validation_mse_loss": 0.008367470081638913, "train_rmse_loss": 0.07473870599079059, "validation_rmse_loss": 0.07494384622649886}, "lr_0.25_momentum_0.1_h_neurons_5": {"train_mse_loss": 0.008270130764369622, "validation_mse_loss": 0.008249803035749672, "train_rmse_loss": 0.07433034790058132, "validation_rmse_loss": 0.07453976664331703}, "lr_0.25_momentum_0.1_h_neurons_10": {"train_mse_loss": 0.008218652830127932, "validation_mse_loss": 0.00819895154760147, "train_rmse_loss": 0.07403082808840239, "validation_rmse_loss": 0.07419350469075169}, "lr_0.25_momentum_0.1_h_neurons_15": {"train_mse_loss": 0.008254641830809699, "validation_mse_loss": 0.008208044062545331, "train_rmse_loss": 0.07403567727068062, "validation_rmse_loss": 0.07410070763884943}, "lr_0.25_momentum_0.5_h_neurons_2": {"train_mse_loss": 0.00841619552500785, "validation_mse_loss": 0.008342429657096345, "train_rmse_loss": 0.0749816763140929, "validation_rmse_loss": 0.07495305155950283}, "lr_0.25_momentum_0.5_h_neurons_5": {"train_mse_loss": 0.008332242101515064, "validation_mse_loss": 0.008228952876146197, "train_rmse_loss": 0.0746681274725363, "validation_rmse_loss": 0.07449728676176699}, "lr_0.25_momentum_0.5_h_neurons_10": {"train_mse_loss": 0.008202860954617862, "validation_mse_loss": 0.008199738533012485, "train_rmse_loss": 0.07393052905609786, "validation_rmse_loss": 0.0742799373710495}, "lr_0.25_momentum_0.5_h_neurons_15": {"train_mse_loss": 0.008200380674468185, "validation_mse_loss": 0.008194784607057859, "train_rmse_loss": 0.07393203649575904, "validation_rmse_loss": 0.07425478402059886}, "lr_0.25_momentum_0.9_h_neurons_2": {"train_mse_loss": 0.008742172115483487, "validation_mse_loss": 0.008225824266032352, "train_rmse_loss": 0.07673217300136581, "validation_rmse_loss": 0.07426717080947419}, "lr_0.25_momentum_0.9_h_neurons_5": {"train_mse_loss": 0.008637061234772557, "validation_mse_loss": 0.008143202272236482, "train_rmse_loss": 0.07629019061369618, "validation_rmse_loss": 0.07379816265394802}, "lr_0.25_momentum_0.9_h_neurons_10": {"train_mse_loss": 0.00869614028961649, "validation_mse_loss": 0.008274790088207478, "train_rmse_loss": 0.07642481998249576, "validation_rmse_loss": 0.07426291624437369}, "lr_0.25_momentum_0.9_h_neurons_15": {"train_mse_loss": 0.008590278691851744, "validation_mse_loss": 0.008110274410903643, "train_rmse_loss": 0.0760668101545228, "validation_rmse_loss": 0.07358912307004878}, "lr_0.5_momentum_0.1_h_neurons_2": {"train_mse_loss": 0.008432259215784369, "validation_mse_loss": 0.008325944075689639, "train_rmse_loss": 0.07508122646068353, "validation_rmse_loss": 0.07485066407920608}, "lr_0.5_momentum_0.1_h_neurons_5": {"train_mse_loss": 0.008216969668238738, "validation_mse_loss": 0.008152523210074503, "train_rmse_loss": 0.07402658875939204, "validation_rmse_loss": 0.07393707343490036}, "lr_0.5_momentum_0.1_h_neurons_10": {"train_mse_loss": 0.00823027473736695,